Rank,Country,EU_Quality_of_Life_Index,Cluster,GDP_PPS,Life_Expectancy,Education_Expenditure,Education_Expenditure_Log,Unemployment_Rate,High_Life_Satisfaction,Economic_Subindex,Health_Subindex,Education_Subindex,Employment_Subindex,Wellbeing_Subindex,PC1,PC2
1,Ireland,0.7410509263181312,0,218,82.85,8534.0,9.05193063522854,4.3,26.4,0.8378378378378377,0.8639053254437865,0.43934461688256565,0.8229166666666667,0.7272727272727271,2.336201696314535,1.0892690092528325
2,Luxembourg,0.711776170799734,0,248,83.0,2198.0,7.695757990554761,5.2,24.7,1.0,0.8816568047337281,0.18520172135974677,0.7291666666666666,0.6570247933884297,2.360895056000817,1.2405544025160222
3,Austria,0.6595947674817335,0,121,81.85,20585.2,9.932376227379834,5.1,33.0,0.3135135135135135,0.7455621301775146,0.6043376161282161,0.7395833333333334,1.0,1.458348874040887,0.5676868573488725
4,Denmark,0.650699221470405,0,126,81.80000000000001,16824.1,9.73062709803167,5.1,32.2,0.34054054054054056,0.7396449704142025,0.5665304032315988,0.7395833333333334,0.9669421487603307,1.409623935781507,0.6126390290048657
5,Germany,0.6448874223568279,0,118,81.1,170029.6,12.043733699834343,3.1,22.3,0.2972972972972973,0.6568047337278102,1.0,0.9479166666666667,0.5578512396694215,0.7984128318239563,0.009104713387191434
6,Netherlands,0.632191146217771,0,131,81.9,44337.5,10.699608653098748,3.6,22.5,0.36756756756756764,0.7514792899408285,0.7481147900573539,0.8958333333333334,0.5661157024793388,0.9095785548152443,0.2319947915166975
7,Sweden,0.6266791262938258,1,111,83.35,29682.0,10.298329770340379,7.7,26.9,0.25945945945945953,0.9230769230769216,0.6729162690011319,0.46875,0.7479338842975205,1.1666413287794295,-1.0177357350033156
8,Belgium,0.6043030945252523,0,118,82.45,33119.1,10.40789562781831,5.5,23.0,0.2972972972972973,0.8165680473372774,0.6934485989955772,0.6979166666666666,0.5867768595041323,0.7978007147430203,-0.4147886806547565
9,France,0.5840043015166542,1,99,82.9,136078.1,11.820991613291259,7.3,17.9,0.19459459459459466,0.8698224852071004,0.9582587666465794,0.5104166666666667,0.3760330578512396,0.44236629356510143,-1.9076923386991338
10,Finland,0.5779326208198926,0,103,81.65,12742.4,9.452768769502256,7.2,31.6,0.21621621621621628,0.7218934911242609,0.5144605429266211,0.5208333333333334,0.9421487603305785,0.9000392295494826,-0.13799820472270632
11,Spain,0.5635445975770328,1,91,84.0,66761.7,11.108899820337228,12.2,22.2,0.15135135135135136,1.0,0.8248147904315122,1.1102230246251565e-16,0.5537190082644627,0.6973453038435108,-3.22462365020196
12,Italy,0.5622947336357053,1,98,83.4,90512.0,11.4132487657807,7.7,16.0,0.1891891891891892,0.9289940828402372,0.8818489169847181,0.46875,0.29752066115702475,0.2963049114700983,-2.1016537654133502
13,Slovenia,0.5610067441568445,0,91,82.0,3585.0,8.184792654165078,3.7,31.6,0.15135135135135136,0.7633136094674562,0.27684542609680074,0.8854166666666667,0.9421487603305785,0.6480596374841935,1.2894912814789563
14,Czechia,0.5148029044852616,0,91,79.9,14837.7,9.604993911806005,2.6,25.7,0.15135135135135136,0.5147928994082847,0.5429871015387466,1.0,0.6983471074380163,-0.03708992366379688,1.1241972682224706
15,Poland,0.5120094713693317,0,77,78.35,50475.6,10.829265141539462,2.8,27.9,0.07567567567567568,0.33136094674556205,0.7724120471396705,0.9791666666666667,0.7892561983471074,-0.17500264812977273,0.9433408356182211
16,Malta,0.5065232861780066,0,109,83.4,817.5,6.7074733968111895,3.5,23.5,0.2486486486486486,0.9289940828402372,0.0,0.90625,0.6074380165289255,0.26020121862647305,1.22404865943616
17,Cyprus,0.492632849245066,0,97,83.3,1707.9,7.443605167652863,5.8,23.7,0.18378378378378374,0.9171597633136095,0.13794899968141228,0.6666666666666667,0.6157024793388428,0.17658571598754283,0.20382720071725233
18,Portugal,0.4815013818632589,1,81,82.4,13205.6,9.488471983616114,6.5,19.8,0.0972972972972973,0.8106508875739653,0.5211512236817615,0.59375,0.45454545454545453,-0.20257122706223865,-0.8574581752987134
19,Romania,0.388714720411786,2,75,76.5,14553.8,9.585676115102835,5.6,29.1,0.06486486486486487,0.11242603550295804,0.53936700139254,0.6875,0.8388429752066116,-0.8422008430622657,0.6913784096868016
20,Slovakia,0.3690984340128842,2,74,78.2,6516.2,8.7822001148288,5.8,24.7,0.05945945945945946,0.31360946745562224,0.38879788469880583,0.6666666666666667,0.6570247933884297,-0.9909926522692816,0.37808472660845327
21,Greece,0.3656893952577977,1,68,81.80000000000001,8605.8,9.060307867479295,11.1,17.8,0.02702702702702703,0.7396449704142025,0.4409144863745036,0.11458333333333337,0.37190082644628103,-0.8831843768743582,-2.362314001050504
22,Hungary,0.3283612421508576,2,76,76.65,8971.4,9.10190847779387,4.1,21.4,0.07027027027027027,0.13017751479289963,0.4487103224005322,0.84375,0.5206611570247932,-1.5015819779160735,0.84441583097088
23,Lithuania,0.31272689245959495,2,86,77.4,3646.0,8.20166019080868,6.9,22.8,0.12432432432432433,0.218934911242604,0.2800063544784328,0.5520833333333333,0.578512396694215,-1.309581371715475,0.23918464038662535
24,Croatia,0.30235046712835206,2,78,78.65,1566.1,7.35698205652917,6.1,21.2,0.08108108108108109,0.36686390532544344,0.12171607508539539,0.6354166666666667,0.5123966942148759,-1.4101692272349298,0.4590043847437068
25,Estonia,0.2937294491462655,2,80,78.9,1287.7,7.161389237294346,6.4,20.2,0.0918918918918919,0.39644970414201275,0.08506253719032397,0.6041666666666666,0.4710743801652892,-1.453233525446478,0.33699434245241405
26,Latvia,0.15254118803723893,2,70,75.55,1945.4,7.573736791469313,6.5,15.0,0.03783783783783784,0.0,0.16233529578145922,0.59375,0.256198347107438,-2.7358738926361985,0.2265401323671467
27,Bulgaria,0.14623743099991515,2,63,75.85,3556.5,8.176813329964007,4.3,8.8,0.0,0.035502958579881394,0.27535012344139065,0.8229166666666667,0.0,-3.1169236368149296,0.3125080353288693
